keywords_count,traffic_sum,top1_5,top6_10,top11_20,top21_50,top51_100,price_sum,domain,category,size_tier,date
107446,306206,15377,7928,13994,31867,48094,284218.0,coca-cola.com,beverages,large,2023-01-01
99264,324547,15316,7482,13045,29339,43751,407931.0,coca-cola.com,beverages,large,2023-02-01
95925,337790,15570,7564,12617,27894,42118,385610.0,coca-cola.com,beverages,large,2023-03-01
97628,301804,15548,7616,12729,28468,42931,323535.0,coca-cola.com,beverages,large,2023-04-01
98477,283304,15549,7844,13013,29162,42535,308172.0,coca-cola.com,beverages,large,2023-05-01
99798,268216,15518,7767,12971,29483,43507,309778.0,coca-cola.com,beverages,large,2023-06-01
101172,253171,15329,7476,12750,29156,45782,1412596.0,coca-cola.com,beverages,large,2023-07-01
104500,220854,15328,7555,12569,30078,48381,1856145.0,coca-cola.com,beverages,large,2023-08-01
130327,236028,18631,8797,13748,36272,64073,2414936.0,coca-cola.com,beverages,large,2023-09-01
140739,283623,19797,9282,14025,38801,71146,2606728.0,coca-cola.com,beverages,large,2023-10-01
145498,273936,18506,8747,13159,40237,76697,1592939.0,coca-cola.com,beverages,large,2023-11-01
168928,266081,20715,9420,13976,48338,91367,820908.0,coca-cola.com,beverages,large,2023-12-01
183257,370290,23096,11077,16707,61740,110793,722866.0,coca-cola.com,beverages,large,2024-01-01
190733,517249,26740,12938,19209,71581,120392,1360336.0,coca-cola.com,beverages,large,2024-02-01
191043,635488,27118,13696,20799,79687,129335,1430106.0,coca-cola.com,beverages,large,2024-03-01
195199,650703,28358,14416,22459,87286,139630,850345.0,coca-cola.com,beverages,large,2024-04-01
201120,650679,28916,14765,22881,90738,150667,406334.0,coca-cola.com,beverages,large,2024-05-01
205621,593623,30211,15239,23650,92278,155737,614336.0,coca-cola.com,beverages,large,2024-06-01
213666,508486,30981,15619,23787,94160,166361,662615.0,coca-cola.com,beverages,large,2024-07-01
223288,477074,33071,16710,25757,100544,175377,741362.0,coca-cola.com,beverages,large,2024-08-01
219746,508059,35361,17150,25963,99287,175023,731392.0,coca-cola.com,beverages,large,2024-09-01
211564,491444,37600,17314,26569,97094,166908,474361.0,coca-cola.com,beverages,large,2024-10-01
203350,502458,38654,17440,26667,95166,159996,267990.0,coca-cola.com,beverages,large,2024-11-01
200823,492840,39424,16911,25781,90220,155048,160695.0,coca-cola.com,beverages,large,2024-12-01
229666,519775,39365,16289,24463,90254,176404,132051.58,coca-cola.com,beverages,large,2025-01-01
230290,469988,39413,16409,24969,93184,180114,763341.29,coca-cola.com,beverages,large,2025-02-01
226944,376692,41689,16761,25228,94669,179922,111702.4,coca-cola.com,beverages,large,2025-03-01
239622,400833,55121,25387,29765,105074,197103,106354.69,coca-cola.com,beverages,large,2025-04-01
239538,362675,55263,25307,29646,104965,197139,117595.2,coca-cola.com,beverages,large,2025-05-01
220781,463434,66912,32946,27945,85915,211557,159238.51,coca-cola.com,beverages,large,2025-06-01
206031,348274,61836,26472,24915,78730,194903,196921.03,coca-cola.com,beverages,large,2025-07-01
204419,323314,59475,24904,24945,76369,195025,172188.66,coca-cola.com,beverages,large,2025-08-01
190612,389506,48681,19622,23559,74469,172433,253900.56,coca-cola.com,beverages,large,2025-09-01
204580,307629,59652,24884,25029,76562,195087,175597.2,coca-cola.com,beverages,large,2025-10-01
204627,256868,59464,24873,25035,76699,195351,110911.16,coca-cola.com,beverages,large,2025-11-01
206498,293919,60594,24907,26617,83777,192121,151224.46,coca-cola.com,beverages,large,2025-12-01
207507,361489,65705,25280,26802,85258,192858,140295.25,coca-cola.com,beverages,large,2026-01-01
206053,371020,65076,25222,27039,87539,193631,91663.77,coca-cola.com,beverages,large,2026-02-01
12408,42820,149,135,469,2945,8769,15342.0,drinkolipop.com,beverages,small,2023-01-01
15196,68273,169,199,631,4124,10161,20099.0,drinkolipop.com,beverages,small,2023-02-01
16808,68297,189,213,645,4314,11533,19537.0,drinkolipop.com,beverages,small,2023-03-01
18719,64751,211,220,683,4754,12946,19344.0,drinkolipop.com,beverages,small,2023-04-01
19798,64415,236,208,705,5109,13646,19833.0,drinkolipop.com,beverages,small,2023-05-01
20660,63053,259,203,691,5568,14040,17359.0,drinkolipop.com,beverages,small,2023-06-01
19683,48174,245,211,706,5482,13144,18143.0,drinkolipop.com,beverages,small,2023-07-01
21925,42420,244,207,707,5910,14962,23733.0,drinkolipop.com,beverages,small,2023-08-01
19433,42262,289,249,634,4666,13708,26382.0,drinkolipop.com,beverages,small,2023-09-01
20628,52572,285,251,605,4565,15040,30791.0,drinkolipop.com,beverages,small,2023-10-01
21441,64805,273,257,576,4292,16155,26308.0,drinkolipop.com,beverages,small,2023-11-01
28972,58021,319,303,843,5343,22323,19340.0,drinkolipop.com,beverages,small,2023-12-01
26107,59308,368,364,1096,5503,19346,22116.0,drinkolipop.com,beverages,small,2024-01-01
25139,82391,446,506,1370,5630,18045,34349.0,drinkolipop.com,beverages,small,2024-02-01
24319,93769,533,551,1402,5796,17849,34563.0,drinkolipop.com,beverages,small,2024-03-01
24482,87984,549,555,1362,5969,18249,24880.0,drinkolipop.com,beverages,small,2024-04-01
22316,96054,537,531,1321,5669,16645,21211.0,drinkolipop.com,beverages,small,2024-05-01
26643,104491,507,487,1273,6220,20568,29067.0,drinkolipop.com,beverages,small,2024-06-01
24895,151914,554,435,1214,5837,19259,49489.0,drinkolipop.com,beverages,small,2024-07-01
31229,147350,937,413,1217,6454,24909,50104.0,drinkolipop.com,beverages,small,2024-08-01
31549,128208,852,389,1132,6609,25041,43421.0,drinkolipop.com,beverages,small,2024-09-01
32479,164630,1071,350,1067,6548,25579,53348.0,drinkolipop.com,beverages,small,2024-10-01
27738,197752,1293,372,1070,5680,21563,55781.0,drinkolipop.com,beverages,small,2024-11-01
26297,168654,1201,364,1135,5675,20145,44645.0,drinkolipop.com,beverages,small,2024-12-01
18066,148256,968,369,963,4463,13266,42322.87,drinkolipop.com,beverages,small,2025-01-01
19367,149303,1139,362,939,4687,14350,37206.06,drinkolipop.com,beverages,small,2025-02-01
18197,34971,1071,361,854,4546,13542,5082.09,drinkolipop.com,beverages,small,2025-03-01
20772,37407,1209,385,999,5213,15758,2024.91,drinkolipop.com,beverages,small,2025-04-01
20727,8607,1189,389,1000,5209,15701,727.13,drinkolipop.com,beverages,small,2025-05-01
17391,26962,980,400,945,4444,12949,1634.66,drinkolipop.com,beverages,small,2025-06-01
15733,23898,1079,394,789,3695,12099,1862.72,drinkolipop.com,beverages,small,2025-07-01
14494,31692,1107,385,747,3423,10770,2021.28,drinkolipop.com,beverages,small,2025-08-01
12908,30854,839,379,612,3156,9682,1839.87,drinkolipop.com,beverages,small,2025-09-01
14475,26291,1105,384,747,3406,10771,1406.42,drinkolipop.com,beverages,small,2025-10-01
14459,24068,1095,384,746,3406,10765,1623.31,drinkolipop.com,beverages,small,2025-11-01
15893,27453,985,393,766,3570,12274,2407.49,drinkolipop.com,beverages,small,2025-12-01
15184,25507,1117,407,847,3589,11492,2997.41,drinkolipop.com,beverages,small,2026-01-01
15690,25382,1062,393,848,3636,12059,2391.6,drinkolipop.com,beverages,small,2026-02-01
5346,86909,1388,422,582,1159,2305,18688.0,drpepper.com,beverages,large,2023-01-01
5085,98067,1431,467,551,1148,2031,21460.0,drpepper.com,beverages,large,2023-02-01
5106,109976,1521,507,535,1154,1958,26414.0,drpepper.com,beverages,large,2023-03-01
5104,106601,1588,511,557,1156,1903,25494.0,drpepper.com,beverages,large,2023-04-01
5488,89239,1650,522,580,1319,2060,22825.0,drpepper.com,beverages,large,2023-05-01
5802,83245,1700,507,606,1399,2241,19884.0,drpepper.com,beverages,large,2023-06-01
6123,91275,1754,514,600,1510,2411,65675.0,drpepper.com,beverages,large,2023-07-01
6186,118157,1731,503,595,1511,2488,121789.0,drpepper.com,beverages,large,2023-08-01
6742,122104,1949,518,583,1648,2763,138046.0,drpepper.com,beverages,large,2023-09-01
7016,121788,2040,510,604,1649,2981,136952.0,drpepper.com,beverages,large,2023-10-01
7945,113450,2155,536,645,1812,3634,86510.0,drpepper.com,beverages,large,2023-11-01
8759,103918,2335,585,715,2100,4013,57276.0,drpepper.com,beverages,large,2023-12-01
9248,130982,2372,635,909,2659,5108,133471.0,drpepper.com,beverages,large,2024-01-01
9395,162326,2492,758,1029,3021,5635,91697.0,drpepper.com,beverages,large,2024-02-01
9222,164963,2530,942,1358,3549,6513,47889.0,drpepper.com,beverages,large,2024-03-01
9600,158350,2582,1060,1401,3952,6980,21645.0,drpepper.com,beverages,large,2024-04-01
9759,156589,2632,1097,1474,4064,7335,32449.0,drpepper.com,beverages,large,2024-05-01
9921,155883,2704,1104,1495,4186,7397,29916.0,drpepper.com,beverages,large,2024-06-01
10590,135474,2817,1215,1733,4754,7955,23127.0,drpepper.com,beverages,large,2024-07-01
10855,135208,2861,1135,1693,4655,8141,20885.0,drpepper.com,beverages,large,2024-08-01
11447,129246,2840,1115,1718,4743,8787,20017.0,drpepper.com,beverages,large,2024-09-01
11957,125378,2904,1119,1801,4637,9163,19295.0,drpepper.com,beverages,large,2024-10-01
13141,143145,2898,1094,1795,4767,10360,26540.0,drpepper.com,beverages,large,2024-11-01
13122,134703,2896,1077,1783,4894,10611,25208.0,drpepper.com,beverages,large,2024-12-01
14575,134601,2757,1092,1828,5443,11951,27633.2,drpepper.com,beverages,large,2025-01-01
14810,123300,2753,1123,1892,5639,12393,27808.92,drpepper.com,beverages,large,2025-02-01
15027,124204,2846,1126,1981,5896,12402,51499.4,drpepper.com,beverages,large,2025-03-01
19220,34290,3822,2249,2851,7214,15407,11723.01,drpepper.com,beverages,large,2025-04-01
19162,33976,3870,2252,2812,7170,15376,18273.33,drpepper.com,beverages,large,2025-05-01
14283,94099,3701,2273,1916,4680,12431,54280.88,drpepper.com,beverages,large,2025-06-01
13031,95136,3264,1831,1657,3964,11265,37248.17,drpepper.com,beverages,large,2025-07-01
13829,105784,3201,1687,1692,3883,12241,42713.3,drpepper.com,beverages,large,2025-08-01
13777,100696,2864,1287,1562,3805,11803,48482.14,drpepper.com,beverages,large,2025-09-01
13902,103534,3214,1687,1694,3922,12325,46579.71,drpepper.com,beverages,large,2025-10-01
13878,101692,3207,1677,1703,3920,12333,37056.1,drpepper.com,beverages,large,2025-11-01
14853,111985,3387,1787,1816,4612,12882,27857.01,drpepper.com,beverages,large,2025-12-01
12703,91126,3474,1724,1794,4076,10918,42765.45,drpepper.com,beverages,large,2026-01-01
13746,89325,3335,1660,1785,4297,11588,29393.96,drpepper.com,beverages,large,2026-02-01
45701,42032,1063,818,1852,8081,33946,19311.0,pepsi.com,beverages,large,2023-01-01
49544,45800,1111,814,2014,8855,36822,16661.0,pepsi.com,beverages,large,2023-02-01
51183,60110,1188,859,2035,9320,37856,16447.0,pepsi.com,beverages,large,2023-03-01
48544,66516,1232,853,1875,8846,35807,16272.0,pepsi.com,beverages,large,2023-04-01
41569,66910,1242,856,1760,7829,29958,15740.0,pepsi.com,beverages,large,2023-05-01
42597,57350,1223,869,1712,7714,31155,13882.0,pepsi.com,beverages,large,2023-06-01
36980,54501,1249,869,1677,6665,26596,29416.0,pepsi.com,beverages,large,2023-07-01
38970,58736,1284,874,1649,6942,28297,41625.0,pepsi.com,beverages,large,2023-08-01
44158,60812,1427,967,1773,7523,32545,48288.0,pepsi.com,beverages,large,2023-09-01
47933,67451,1485,990,1961,8283,35329,38668.0,pepsi.com,beverages,large,2023-10-01
51456,47531,1557,1089,2451,9653,36833,19866.0,pepsi.com,beverages,large,2023-11-01
52766,36655,1471,1093,2551,10849,36947,9152.0,pepsi.com,beverages,large,2023-12-01
48553,49084,1485,1023,2375,10640,33469,27847.0,pepsi.com,beverages,large,2024-01-01
43705,64308,1523,936,2028,9823,30026,29430.0,pepsi.com,beverages,large,2024-02-01
40213,72899,1496,921,1945,9307,27460,23400.0,pepsi.com,beverages,large,2024-03-01
30747,64852,1382,876,1640,7431,20286,15101.0,pepsi.com,beverages,large,2024-04-01
26511,62510,1400,857,1536,6547,17144,12828.0,pepsi.com,beverages,large,2024-05-01
22533,58847,1459,841,1455,5681,14112,11903.0,pepsi.com,beverages,large,2024-06-01
19772,70978,1596,850,1427,5018,12059,13532.0,pepsi.com,beverages,large,2024-07-01
17135,66409,1578,809,1304,4427,10209,15594.0,pepsi.com,beverages,large,2024-08-01
15624,60712,1434,736,1234,4096,8980,15727.0,pepsi.com,beverages,large,2024-09-01
15172,54177,1345,731,1131,3896,8775,12312.0,pepsi.com,beverages,large,2024-10-01
13814,53132,1182,664,1074,3596,7813,10424.0,pepsi.com,beverages,large,2024-11-01
12047,50404,1074,568,922,3101,6780,8919.0,pepsi.com,beverages,large,2024-12-01
12366,46762,843,507,842,3509,6994,8305.14,pepsi.com,beverages,large,2025-01-01
12496,44316,852,512,855,3572,7039,16867.69,pepsi.com,beverages,large,2025-02-01
13171,28260,860,527,880,3897,7383,7251.99,pepsi.com,beverages,large,2025-03-01
14957,16936,1302,817,1186,4229,8214,2335.86,pepsi.com,beverages,large,2025-04-01
14968,17820,1311,815,1194,4224,8221,2089.7,pepsi.com,beverages,large,2025-05-01
24745,15127,1865,1028,1252,5263,16900,3071.99,pepsi.com,beverages,large,2025-06-01
12004,18894,1487,620,752,2619,7481,6950.2,pepsi.com,beverages,large,2025-07-01
8358,9260,1164,340,390,1672,5400,4999.09,pepsi.com,beverages,large,2025-08-01
19053,24972,1354,923,1230,3973,12801,7879.22,pepsi.com,beverages,large,2025-09-01
8454,7474,1167,343,393,1688,5472,4380.48,pepsi.com,beverages,large,2025-10-01
8468,4727,1167,343,398,1697,5477,2171.49,pepsi.com,beverages,large,2025-11-01
15006,19100,1404,637,899,3150,9958,4425.96,pepsi.com,beverages,large,2025-12-01
18160,25223,1409,676,960,3853,12234,7465.54,pepsi.com,beverages,large,2026-01-01
21885,18255,1416,669,1025,4797,14963,3545.13,pepsi.com,beverages,large,2026-02-01
131531,384434,6202,1604,6139,32498,89732,419420.0,fiveguys.com,fast_food,small,2023-01-01
135300,408199,5966,1546,6920,35618,89505,484728.0,fiveguys.com,fast_food,small,2023-02-01
130458,444200,5947,1525,6713,35357,85134,554952.0,fiveguys.com,fast_food,small,2023-03-01
127291,452933,5622,1442,6603,34990,82544,595178.0,fiveguys.com,fast_food,small,2023-04-01
129708,435749,5685,1418,6668,36681,83156,543946.0,fiveguys.com,fast_food,small,2023-05-01
133275,434916,5762,1474,7080,38439,84486,564583.0,fiveguys.com,fast_food,small,2023-06-01
140729,435435,5895,1562,7624,39474,90290,412121.0,fiveguys.com,fast_food,small,2023-07-01
145578,448294,6266,1811,7864,40792,93655,323595.0,fiveguys.com,fast_food,small,2023-08-01
167456,455619,7797,2332,7799,44617,111113,280508.0,fiveguys.com,fast_food,small,2023-09-01
164853,450593,7904,2319,7376,43707,110018,281164.0,fiveguys.com,fast_food,small,2023-10-01
160918,1088035,7675,2279,6711,42510,107956,310660.0,fiveguys.com,fast_food,small,2023-11-01
172956,1494033,7793,2296,6914,49178,112825,324838.0,fiveguys.com,fast_food,small,2023-12-01
164539,1759267,7816,2738,7629,49222,111701,300068.0,fiveguys.com,fast_food,small,2024-01-01
163391,1782281,7700,2772,7966,51939,111357,322003.0,fiveguys.com,fast_food,small,2024-02-01
151747,1935934,7885,3364,8620,50224,110408,312569.0,fiveguys.com,fast_food,small,2024-03-01
146730,1966553,7595,3547,9237,49505,113364,276960.0,fiveguys.com,fast_food,small,2024-04-01
143955,1961479,7704,3573,9335,48568,112814,225391.0,fiveguys.com,fast_food,small,2024-05-01
148432,1726426,7850,3828,9541,50233,117045,175962.0,fiveguys.com,fast_food,small,2024-06-01
152429,1782671,9913,4283,10315,53027,120772,178826.0,fiveguys.com,fast_food,small,2024-07-01
156272,1865088,10528,4547,10683,54692,124496,172009.0,fiveguys.com,fast_food,small,2024-08-01
160677,2212419,12021,5140,11537,57110,129296,197385.0,fiveguys.com,fast_food,small,2024-09-01
164470,2179339,13048,5620,12480,59420,132719,229970.0,fiveguys.com,fast_food,small,2024-10-01
159305,2215281,13197,5462,12226,57728,129732,213517.0,fiveguys.com,fast_food,small,2024-11-01
154432,2059181,12485,5194,11778,56681,126682,173006.0,fiveguys.com,fast_food,small,2024-12-01
160081,1971509,10367,5026,11589,56604,131377,103393.71,fiveguys.com,fast_food,small,2025-01-01
165262,1946023,10429,5021,11510,57109,136184,106172.75,fiveguys.com,fast_food,small,2025-02-01
169950,771161,10044,4940,11552,57108,139558,42559.35,fiveguys.com,fast_food,small,2025-03-01
180100,1230983,13839,6857,13269,60933,142609,52211.04,fiveguys.com,fast_food,small,2025-04-01
179817,1392076,13767,6846,13249,60856,142454,41597.81,fiveguys.com,fast_food,small,2025-05-01
198447,1469900,17238,8346,12654,53485,176916,33990.3,fiveguys.com,fast_food,small,2025-06-01
173254,1349522,15885,6737,10687,46013,154291,35898.75,fiveguys.com,fast_food,small,2025-07-01
97554,1229399,14499,5569,8728,31606,88167,25639.71,fiveguys.com,fast_food,small,2025-08-01
160501,1387772,13689,6200,10690,42524,161733,70474.55,fiveguys.com,fast_food,small,2025-09-01
99118,1218840,14552,5579,8777,31966,89690,47692.61,fiveguys.com,fast_food,small,2025-10-01
99523,1228522,14567,5582,8779,32069,89996,40540.58,fiveguys.com,fast_food,small,2025-11-01
149236,920956,15286,6599,10820,43183,134394,42634.13,fiveguys.com,fast_food,small,2025-12-01
172610,1585732,15972,6772,11208,48844,152754,107155.21,fiveguys.com,fast_food,small,2026-01-01
170029,1608632,15929,6716,11181,48861,150411,107540.3,fiveguys.com,fast_food,small,2026-02-01
961963,6475286,71269,21894,65378,266982,585167,12383859.0,mcdonalds.com,fast_food,large,2023-01-01
889905,6228039,69838,20652,60863,244336,540235,11752390.0,mcdonalds.com,fast_food,large,2023-02-01
938500,6540185,80899,22298,67783,270324,548101,12497559.0,mcdonalds.com,fast_food,large,2023-03-01
928058,5967495,80943,21993,68237,273578,533385,11495405.0,mcdonalds.com,fast_food,large,2023-04-01
914582,6570419,91525,23029,69452,271563,515439,12248609.0,mcdonalds.com,fast_food,large,2023-05-01
911505,6485504,96211,23978,70422,270386,510126,12293004.0,mcdonalds.com,fast_food,large,2023-06-01
937049,6451821,98983,24623,70553,267956,536043,16486388.0,mcdonalds.com,fast_food,large,2023-07-01
971649,6498576,105148,27159,73239,276021,560399,19591612.0,mcdonalds.com,fast_food,large,2023-08-01
1085132,6613060,120044,29525,70826,301814,646440,21120996.0,mcdonalds.com,fast_food,large,2023-09-01
1064430,11157568,128322,30851,68803,292458,635118,27775760.0,mcdonalds.com,fast_food,large,2023-10-01
1098942,17528117,138689,33106,66410,296255,670999,32678052.0,mcdonalds.com,fast_food,large,2023-11-01
1027781,20800182,147729,34128,58177,285152,620928,34168585.0,mcdonalds.com,fast_food,large,2023-12-01
955421,22856128,145457,38025,64442,300141,629813,38467663.0,mcdonalds.com,fast_food,large,2024-01-01
886801,25280602,144195,41216,69520,314455,635917,44235593.0,mcdonalds.com,fast_food,large,2024-02-01
831443,24532223,145887,50730,83437,345469,662284,41978890.0,mcdonalds.com,fast_food,large,2024-03-01
824791,24507930,139963,57243,99420,393386,744554,33320458.0,mcdonalds.com,fast_food,large,2024-04-01
848435,31687710,148930,65244,110497,414666,788519,33485478.0,mcdonalds.com,fast_food,large,2024-05-01
873260,33230298,154828,69902,117075,423473,820136,34311774.0,mcdonalds.com,fast_food,large,2024-06-01
869496,33366190,180652,79300,126158,427225,839079,36230727.0,mcdonalds.com,fast_food,large,2024-07-01
944189,34840664,192603,85793,138171,454532,913434,35476533.0,mcdonalds.com,fast_food,large,2024-08-01
980172,37341324,214458,96104,155569,470087,968326,36125539.0,mcdonalds.com,fast_food,large,2024-09-01
943407,41927300,228672,98151,159205,453276,947850,40453351.0,mcdonalds.com,fast_food,large,2024-10-01
925266,42557321,231765,96651,159047,447164,931960,40189421.0,mcdonalds.com,fast_food,large,2024-11-01
900165,41072331,234156,96497,155765,440232,924803,38167527.0,mcdonalds.com,fast_food,large,2024-12-01
944982,35816227,214445,94212,152121,457895,995252,30798988.05,mcdonalds.com,fast_food,large,2025-01-01
956406,27895097,216231,93447,150945,458037,1017055,26031189.66,mcdonalds.com,fast_food,large,2025-02-01
996553,22805133,220839,91112,146640,473289,1081732,20412200.55,mcdonalds.com,fast_food,large,2025-03-01
1147775,20248262,288135,124039,170828,541790,1221479,8178183.16,mcdonalds.com,fast_food,large,2025-04-01
1147521,16908386,286987,123880,170542,541188,1223084,10567542.58,mcdonalds.com,fast_food,large,2025-05-01
990521,21778996,324792,137616,149182,427488,1240819,13998234.78,mcdonalds.com,fast_food,large,2025-06-01
893794,17556065,318361,120994,131327,381351,1126018,11200507.29,mcdonalds.com,fast_food,large,2025-07-01
878153,18154962,317938,113143,128224,370252,1133180,11747687.62,mcdonalds.com,fast_food,large,2025-08-01
841132,18404825,273204,97025,131751,389536,1233772,13880266.38,mcdonalds.com,fast_food,large,2025-09-01
878940,8719216,318439,113218,128474,370949,1133966,5151205.05,mcdonalds.com,fast_food,large,2025-10-01
878920,13568725,318321,113227,128520,371167,1133941,9562841.97,mcdonalds.com,fast_food,large,2025-11-01
859401,4284634,317468,116917,143694,397645,1110240,1093996.09,mcdonalds.com,fast_food,large,2025-12-01
908276,18103244,338208,118420,145072,410876,1158220,6354689.62,mcdonalds.com,fast_food,large,2026-01-01
914858,5144264,335411,117989,145890,418658,1166665,1392712.75,mcdonalds.com,fast_food,large,2026-02-01
322886,236514,2941,1910,9110,56540,253925,341781.0,shakeshack.com,fast_food,small,2023-01-01
325740,220710,2930,2087,9737,59112,253374,314828.0,shakeshack.com,fast_food,small,2023-02-01
319051,221742,2888,1991,9720,58730,247238,327722.0,shakeshack.com,fast_food,small,2023-03-01
309481,216140,2895,2005,10345,59134,236613,320660.0,shakeshack.com,fast_food,small,2023-04-01
304920,207307,2891,1829,9688,60494,231521,318015.0,shakeshack.com,fast_food,small,2023-05-01
313499,203875,2913,1834,10005,64009,236272,297867.0,shakeshack.com,fast_food,small,2023-06-01
336699,205701,3151,2223,10223,71080,251592,491574.0,shakeshack.com,fast_food,small,2023-07-01
347767,202039,3004,2046,10510,76138,257660,560786.0,shakeshack.com,fast_food,small,2023-08-01
367621,201114,3189,1920,9558,76167,278464,610505.0,shakeshack.com,fast_food,small,2023-09-01
381731,202615,3336,2007,9860,80412,287961,577415.0,shakeshack.com,fast_food,small,2023-10-01
383321,287524,3503,2199,10130,81151,288328,556438.0,shakeshack.com,fast_food,small,2023-11-01
402820,394415,3779,2491,10890,86147,301776,611813.0,shakeshack.com,fast_food,small,2023-12-01
380086,604078,3985,2806,11180,83006,284256,846964.0,shakeshack.com,fast_food,small,2024-01-01
381977,785788,4075,2935,11336,84426,286111,973825.0,shakeshack.com,fast_food,small,2024-02-01
336738,597961,4043,2972,10683,75798,253191,713249.0,shakeshack.com,fast_food,small,2024-03-01
321887,555892,4098,3234,10777,72982,244975,595356.0,shakeshack.com,fast_food,small,2024-04-01
335995,677337,4251,3400,10763,75671,257966,746583.0,shakeshack.com,fast_food,small,2024-05-01
347117,774162,4341,3564,11177,78826,266274,1284579.0,shakeshack.com,fast_food,small,2024-06-01
355570,1158504,5514,4093,12543,83870,268629,2441297.0,shakeshack.com,fast_food,small,2024-07-01
376763,1263346,6246,4393,13569,90118,283511,3098842.0,shakeshack.com,fast_food,small,2024-08-01
371608,1402573,7252,4390,13227,87213,282435,3686081.0,shakeshack.com,fast_food,small,2024-09-01
357931,1251392,7638,4400,12663,80894,275797,3551460.0,shakeshack.com,fast_food,small,2024-10-01
341453,1068563,7543,4171,11771,75140,265966,2437210.0,shakeshack.com,fast_food,small,2024-11-01
347569,1019363,7357,3769,11127,75504,273199,1852424.0,shakeshack.com,fast_food,small,2024-12-01
445867,981215,6136,3630,11966,102689,346693,1896336.37,shakeshack.com,fast_food,small,2025-01-01
452468,1431747,6169,3608,11962,103595,352392,2995676.12,shakeshack.com,fast_food,small,2025-02-01
520165,426930,5892,3522,12803,124024,400667,675995.49,shakeshack.com,fast_food,small,2025-03-01
589368,323260,8309,5044,15162,150680,443754,422098.48,shakeshack.com,fast_food,small,2025-04-01
592264,322095,8306,5054,15208,151633,445951,498022.08,shakeshack.com,fast_food,small,2025-05-01
828774,1111795,10956,8839,31237,310729,524069,1957948.49,shakeshack.com,fast_food,small,2025-06-01
750655,532402,10185,6068,27000,288384,466833,886755.88,shakeshack.com,fast_food,small,2025-07-01
928736,717085,10716,6747,34998,374668,560192,1245058.53,shakeshack.com,fast_food,small,2025-08-01
882092,958210,8988,5793,30148,344911,545155,1843790.74,shakeshack.com,fast_food,small,2025-09-01
928128,696632,10720,6752,34984,374252,559804,1157145.21,shakeshack.com,fast_food,small,2025-10-01
928963,659112,10727,6759,35008,374480,560538,1191748.99,shakeshack.com,fast_food,small,2025-11-01
919452,907552,10573,7274,35633,361281,557970,1588031.68,shakeshack.com,fast_food,small,2025-12-01
925228,957931,10855,7131,34948,364541,560346,1640744.62,shakeshack.com,fast_food,small,2026-01-01
922854,968296,10833,7149,35353,364710,557399,1322635.06,shakeshack.com,fast_food,small,2026-02-01
285278,2828846,10681,4096,18090,87157,172206,331032.0,wendys.com,fast_food,large,2023-01-01
280370,2567277,10419,3836,18421,88071,165957,300429.0,wendys.com,fast_food,large,2023-02-01
271429,2605144,10589,3701,18164,86578,158582,291349.0,wendys.com,fast_food,large,2023-03-01
270864,2717611,10331,3811,18858,88960,154790,315087.0,wendys.com,fast_food,large,2023-04-01
296331,2770626,10873,4138,21745,101882,163865,291724.0,wendys.com,fast_food,large,2023-05-01
312320,1983903,11353,4596,23930,108726,170454,253552.0,wendys.com,fast_food,large,2023-06-01
344910,1535629,11808,5176,26548,118217,190614,647883.0,wendys.com,fast_food,large,2023-07-01
358777,1252136,12835,6307,28989,122593,198422,792934.0,wendys.com,fast_food,large,2023-08-01
401662,1277485,14934,7134,28989,132610,230361,884507.0,wendys.com,fast_food,large,2023-09-01
376626,1225934,15470,6184,24480,120800,222243,788952.0,wendys.com,fast_food,large,2023-10-01
419552,2316729,16079,5797,22348,124215,264763,659866.0,wendys.com,fast_food,large,2023-11-01
407884,3311738,17820,6662,20955,123249,256794,634810.0,wendys.com,fast_food,large,2023-12-01
385605,3996684,18352,7436,21593,122025,253309,682730.0,wendys.com,fast_food,large,2024-01-01
349018,3942301,18494,8074,22146,117508,230516,757571.0,wendys.com,fast_food,large,2024-02-01
322404,3788356,18586,8977,23299,115136,225531,575501.0,wendys.com,fast_food,large,2024-03-01
311817,4919301,18613,9887,24526,119043,235639,579158.0,wendys.com,fast_food,large,2024-04-01
305574,5419279,18920,10180,24608,117267,236545,569433.0,wendys.com,fast_food,large,2024-05-01
299737,5291092,19427,10775,25059,115728,233763,548864.0,wendys.com,fast_food,large,2024-06-01
296342,5828901,24086,11605,26062,115873,232755,588893.0,wendys.com,fast_food,large,2024-07-01
295534,7097212,24673,11824,26370,116598,233689,737710.0,wendys.com,fast_food,large,2024-08-01
287959,9530771,27300,12142,25980,111432,235636,985804.0,wendys.com,fast_food,large,2024-09-01
273736,11793428,28279,12064,25065,105446,226431,1290148.0,wendys.com,fast_food,large,2024-10-01
264626,11226440,28110,11122,23528,100537,220750,1582829.0,wendys.com,fast_food,large,2024-11-01
267483,11452185,27921,11037,23017,99987,228654,1925796.0,wendys.com,fast_food,large,2024-12-01
311901,10362063,25394,11264,24030,108771,275182,2476036.44,wendys.com,fast_food,large,2025-01-01
314857,10379243,25408,11199,23833,109332,277664,2729244.86,wendys.com,fast_food,large,2025-02-01
311637,3904887,24201,10250,22003,105510,272717,907167.93,wendys.com,fast_food,large,2025-03-01
298223,4812743,31814,13348,22909,104173,260584,907741.13,wendys.com,fast_food,large,2025-04-01
297862,4913303,31506,13381,22889,104015,260357,1004550.16,wendys.com,fast_food,large,2025-05-01
259614,6214335,38214,15470,20168,77074,256415,1300861.51,wendys.com,fast_food,large,2025-06-01
233539,7619673,36793,13190,17401,66983,231800,1679869.96,wendys.com,fast_food,large,2025-07-01
272606,7531175,38210,13430,19422,74012,264444,1679373.52,wendys.com,fast_food,large,2025-08-01
288908,6690104,33966,13303,21758,88182,296334,1257603.41,wendys.com,fast_food,large,2025-09-01
273297,3793927,38227,13437,19482,74241,265104,796513.18,wendys.com,fast_food,large,2025-10-01
273444,2931761,38217,13448,19489,74335,265155,498036.22,wendys.com,fast_food,large,2025-11-01
287870,8679894,36692,13934,21477,83917,272432,1882557.74,wendys.com,fast_food,large,2025-12-01
299878,8805146,38368,14039,21716,86761,282749,1817205.05,wendys.com,fast_food,large,2026-01-01
298105,8751735,38007,13997,21739,87574,280419,2171569.32,wendys.com,fast_food,large,2026-02-01
